Date,Open,High,Low,Close,Volume
2020-01-02,64.76,65.65,64.66,65.51,1992518
2020-01-03,65.19,65.19,64.20,64.68,2514997
2020-01-06,64.35,64.36,62.69,63.93,2317291
2020-01-07,64.16,64.89,63.88,64.27,1771542
2020-01-08,64.09,66.19,63.71,65.94,2941368
2020-01-09,66.81,67.21,66.50,66.58,2726823
2020-01-10,66.81,67.71,66.58,67.15,2632057
2020-01-13,67.29,67.45,66.32,66.59,1998984
2020-01-14,66.69,66.89,66.19,66.42,1867783
2020-01-15,66.49,67.39,66.35,67.12,1886380
2020-01-16,67.32,67.61,66.51,66.62,1702421
2020-01-17,67.72,67.82,66.87,67.06,3059657
2020-01-20,67.20,67.35,66.81,67.28,1227659
2020-01-21,67.10,67.55,66.94,67.50,1730267
2020-01-22,67.62,67.71,66.46,66.55,2196629
2020-01-23,66.44,66.60,65.91,66.03,1880088
2020-01-24,67.28,68.61,66.87,67.06,4160963
2020-01-27,66.37,66.38,65.35,65.55,3399409
2020-01-28,66.60,67.47,65.66,67.41,2684513
2020-01-29,67.32,67.48,66.45,66.74,1796616
2020-01-30,65.85,66.42,65.22,65.46,2743790
2020-01-31,65.83,66.59,65.09,65.09,3760897
2020-02-03,65.48,66.08,65.15,65.34,2285251
2020-02-04,65.90,67.48,65.87,67.19,2966007
2020-02-05,66.97,68.86,66.75,68.86,3220661
2020-02-06,69.06,69.81,68.92,69.76,2446008
2020-02-07,69.78,69.78,68.93,69.18,2001080
2020-02-10,69.34,69.43,68.54,68.72,1805283
2020-02-11,68.96,69.26,68.77,68.79,1970242
2020-02-12,69.03,69.23,68.59,69.20,1665464
2020-02-13,68.88,69.23,68.16,68.88,2237053
2020-02-14,68.85,69.61,68.25,68.94,1591976
2020-02-17,66.92,67.76,66.57,67.65,2438589
2020-02-18,67.16,67.76,66.90,67.02,1901779
2020-02-19,67.19,67.74,67.06,67.26,1648665
2020-02-20,67.10,67.34,66.53,66.53,1800190
2020-02-21,66.21,66.51,65.75,66.02,3061897
2020-02-24,65.02,65.17,62.74,62.82,5617236
2020-02-25,63.26,63.29,61.85,62.19,3872762
2020-02-26,61.49,62.45,60.29,62.29,6934751
2020-02-27,60.68,61.40,58.80,59.62,6457786
2020-02-28,56.58,58.11,56.28,58.11,12903573
2020-03-02,58.88,59.32,56.17,58.03,6555565
2020-03-03,58.69,59.98,56.85,57.21,6142183
2020-03-04,57.92,59.86,57.65,59.69,5616580
2020-03-05,60.10,60.12,58.46,59.11,3656343
2020-03-06,57.81,58.46,56.58,56.83,5256308
2020-03-09,52.57,53.95,51.22,52.06,10331749
2020-03-10,52.67,53.00,50.10,50.29,8668542
2020-03-11,51.22,52.35,49.81,49.96,5988000
2020-03-12,46.87,47.63,42.96,42.96,11749482
2020-03-13,44.55,46.01,41.52,42.82,10499910
2020-03-16,40.99,43.81,39.97,42.88,11782270
2020-03-17,44.64,45.32,41.73,45.06,6985039
2020-03-18,43.26,44.93,42.63,42.86,8440189
2020-03-19,42.95,45.03,41.67,44.39,8126160
2020-03-20,46.15,47.41,44.15,44.64,11885251
2020-03-23,42.86,44.26,41.51,42.33,7078659
2020-03-24,44.55,46.03,43.52,46.03,7920997
2020-03-25,47.16,47.39,43.74,46.06,6983305
2020-03-26,44.79,46.11,43.98,46.11,4746637
2020-03-27,45.48,46.25,44.65,45.15,4787766
2020-03-30,45.73,46.94,44.44,46.94,4275809
2020-03-31,48.35,49.39,46.48,47.09,5985815
2020-04-01,45.89,47.22,45.62,46.64,4118913
2020-04-02,47.23,47.75,45.67,47.09,3364171
2020-04-03,47.16,47.85,47.02,47.25,2806018
2020-04-06,49.01,50.61,48.70,49.71,5012935
2020-04-07,51.92,52.87,50.62,51.05,4430063
2020-04-08,50.48,50.74,49.63,50.23,2634788
2020-04-09,51.05,51.52,49.99,51.21,4128261
2020-04-14,52.04,52.96,51.76,52.48,3399748
2020-04-15,52.67,52.84,50.27,50.49,3825248
2020-04-16,51.33,51.53,50.59,50.85,3075417
2020-04-17,52.35,53.40,51.69,52.19,4639461
2020-04-20,52.81,52.89,51.12,52.22,2715469
2020-04-21,51.86,52.49,51.37,51.72,3996156
2020-04-22,52.18,53.17,51.75,53.11,2726947
2020-04-23,53.47,54.06,52.57,53.37,2543468
2020-04-24,52.75,53.84,52.33,53.06,3063814
2020-04-27,54.80,56.14,54.23,56.14,4461334
2020-04-28,56.25,57.30,55.92,56.16,4846210
2020-04-29,57.07,57.15,55.83,57.12,5130729
2020-04-30,57.59,58.43,56.04,56.08,5519994
2020-05-04,54.46,55.13,53.95,54.04,5162829
2020-05-05,54.79,55.35,54.43,55.31,3256831
2020-05-06,55.22,55.57,54.41,54.51,2351880
2020-05-07,54.70,55.15,53.79,54.01,2774423
2020-05-08,54.55,54.65,53.72,54.08,2093326
2020-05-11,54.27,54.61,53.16,53.82,2620078
2020-05-12,53.73,54.74,53.73,54.48,2112790
2020-05-13,53.70,54.35,53.30,53.55,2824772
2020-05-14,53.03,53.20,51.63,52.00,4114886
2020-05-15,52.49,53.86,52.48,52.92,3496838
2020-05-18,53.91,56.56,53.91,56.29,3542045
2020-05-19,56.87,56.92,55.99,56.32,3464067
2020-05-20,56.28,56.88,55.35,55.49,3419417
2020-05-21,55.07,55.08,53.87,54.09,3004723
2020-05-22,53.29,54.23,53.25,53.76,2186220
2020-05-25,55.98,58.52,55.63,57.94,5271776
2020-05-26,58.66,58.66,56.64,57.23,3269187
2020-05-27,57.26,57.86,56.99,57.82,3979631
2020-05-28,58.38,58.79,57.93,58.71,3275258
2020-05-29,58.12,58.52,56.62,56.62,5283029
2020-06-02,58.60,59.89,58.46,59.63,4277764
2020-06-03,60.41,61.20,59.63,60.91,4655621
2020-06-04,59.45,60.07,58.43,58.47,6647216
2020-06-05,59.36,61.81,59.08,61.69,5710098
2020-06-08,61.45,64.05,61.16,63.92,5081885
2020-06-09,63.88,64.36,61.36,62.72,5119786
2020-06-10,63.07,63.21,62.31,62.62,2456552
2020-06-11,61.21,61.74,59.82,59.82,4051340
2020-06-12,59.39,61.83,58.49,60.83,4573141
2020-06-15,59.39,61.01,58.93,60.85,3405684
2020-06-16,63.14,64.54,62.60,64.22,5808849
2020-06-17,64.47,64.56,63.47,64.37,3164721
2020-06-18,64.25,64.60,63.52,63.92,3697500
2020-06-19,64.46,64.93,63.87,64.74,8674443
2020-06-22,64.22,64.48,63.76,64.02,2551266
2020-06-23,65.09,68.66,64.85,67.70,7726067
2020-06-24,67.98,68.12,65.27,65.27,5399946
2020-06-25,65.92,67.59,62.71,63.35,8661660
2020-06-26,63.93,64.34,61.98,62.28,4892874
2020-06-29,61.82,62.67,61.27,62.39,3675296
2020-06-30,62.39,62.47,61.30,61.35,5019911
2020-07-01,62.36,62.39,60.78,61.45,2914658
2020-07-02,62.20,62.98,62.01,62.55,3217733
2020-07-03,62.73,62.82,61.92,62.18,1676179
2020-07-06,63.30,63.52,62.12,62.54,2358641
2020-07-07,61.42,61.48,58.09,59.45,6030072
2020-07-08,58.95,59.47,58.51,59.02,2978987
2020-07-09,59.05,60.06,58.28,59.07,2643108
2020-07-10,58.26,59.50,58.14,59.40,2296083
2020-07-13,60.14,60.39,59.76,60.15,2638430
2020-07-14,59.50,60.07,59.29,59.68,2296859
2020-07-15,60.06,60.33,59.48,59.70,3476271
2020-07-16,59.30,59.51,58.56,58.77,2913026
2020-07-17,58.78,59.07,58.69,58.75,2869662
2020-07-20,58.28,58.45,57.27,58.05,3660513
2020-07-21,59.22,59.29,58.00,58.23,3306184
2020-07-22,58.04,58.19,56.17,56.59,3615316
2020-07-23,57.01,57.70,56.86,57.49,2930224
2020-07-24,56.91,57.29,56.29,56.60,2414684
2020-07-27,56.06,56.08,55.19,55.25,3223031
2020-07-28,55.26,55.92,54.44,54.93,3317336
2020-07-29,54.99,55.42,54.47,54.54,2277007
2020-07-30,54.33,54.35,52.45,52.76,4048665
2020-07-31,52.64,53.61,52.30,52.45,3480881
2020-08-03,52.93,54.80,52.78,54.52,3471216
2020-08-04,54.62,54.68,52.36,53.20,4337153
2020-08-05,53.65,53.77,52.05,52.35,3541864
2020-08-06,52.23,53.30,52.04,52.16,3403786
2020-08-07,52.22,52.28,51.35,52.19,2758782
2020-08-10,52.55,52.96,52.05,52.76,1942067
2020-08-11,53.15,54.30,52.94,53.85,3014999
2020-08-12,53.92,54.26,53.36,54.03,2543424
2020-08-13,54.17,54.32,53.45,53.73,1645233
2020-08-14,53.44,53.65,52.74,53.12,2180232
2020-08-17,52.98,53.56,52.47,53.41,1597213
2020-08-18,53.27,53.72,52.70,53.22,2301633
2020-08-19,53.02,54.06,52.82,54.06,1460083
2020-08-20,53.48,53.59,52.84,52.84,1990171
2020-08-21,53.06,53.29,52.31,52.53,2768839
2020-08-24,53.07,54.54,53.07,54.07,2536362
2020-08-25,54.65,55.53,53.83,53.83,2290717
2020-08-26,53.70,54.09,53.47,53.66,1584737
2020-08-27,53.71,53.93,52.64,52.73,2446392
2020-08-28,52.41,52.60,50.82,51.32,5171502
2020-08-31,51.68,52.39,51.43,51.79,2904953
2020-09-01,52.22,53.15,51.58,51.75,3035464
2020-09-02,51.93,52.47,51.62,52.47,2716064
2020-09-03,52.69,53.36,51.48,51.49,3480881
2020-09-04,51.29,51.76,50.26,50.62,4180597
2020-09-07,51.01,51.79,50.52,51.76,1999385
2020-09-08,51.83,52.24,50.96,51.30,2784137
2020-09-09,51.33,52.02,51.08,51.85,2282853
2020-09-10,51.66,51.87,51.26,51.38,2741458
2020-09-11,51.49,52.79,50.94,51.65,3514200
2020-09-14,52.15,52.31,51.32,51.58,1978470
2020-09-15,51.95,53.52,51.88,52.99,3721045
2020-09-16,53.01,53.15,52.12,52.65,2739387
2020-09-17,52.22,53.01,51.82,52.89,2171082
2020-09-18,53.00,53.81,52.82,53.36,7344395
2020-09-21,53.09,53.14,50.18,50.23,5164649
2020-09-22,50.52,50.95,50.23,50.23,2737425
2020-09-23,50.59,51.85,50.59,51.25,2277298
2020-09-24,50.84,51.25,50.58,50.74,2030543
2020-09-25,50.97,51.07,49.47,49.86,3337730
2020-09-28,50.82,51.01,50.34,50.55,2816073
2020-09-29,50.35,50.52,49.66,49.90,2114410
2020-09-30,49.47,50.45,49.28,49.71,2502977
2020-10-01,44.67,45.25,43.21,43.21,20325159
2020-10-02,43.10,43.18,40.91,41.90,11571457
2020-10-05,42.62,43.71,41.95,43.61,5490290
2020-10-06,43.86,43.99,43.05,43.18,4102295
2020-10-07,43.05,43.41,41.93,42.24,4767291
2020-10-08,42.54,43.61,42.29,43.19,4722838
2020-10-09,43.12,43.90,43.07,43.58,3390510
2020-10-12,43.64,43.83,43.02,43.23,2646398
2020-10-13,42.76,42.81,41.73,41.73,4619885
2020-10-14,41.95,41.98,41.10,41.33,3750904
2020-10-15,41.08,41.20,40.27,41.13,5305915
2020-10-16,41.25,41.94,40.94,41.79,5245029
2020-10-19,41.87,42.12,41.18,41.34,2461100
2020-10-20,41.03,41.36,40.60,40.68,3116377
2020-10-21,40.57,40.64,39.60,39.63,5096131
2020-10-22,39.33,39.56,38.71,39.47,4219432
2020-10-23,39.36,40.00,39.14,39.56,3210078
2020-10-26,39.40,40.35,39.05,39.68,3902961
2020-10-27,40.03,40.04,38.88,39.08,3777683
2020-10-28,38.79,39.05,37.58,37.96,6156789
2020-10-29,38.05,38.49,37.60,38.03,5474328
2020-10-30,37.41,37.77,37.22,37.64,5580918
2020-11-02,38.11,39.09,37.62,38.98,4187513
2020-11-03,38.23,39.13,37.90,39.13,5227566
2020-11-04,38.57,41.08,38.29,40.80,6048478
2020-11-05,41.22,41.28,40.46,40.84,4014282
2020-11-06,40.76,40.99,39.65,39.86,4114915
2020-11-09,40.29,43.77,39.85,43.06,11428009
2020-11-10,43.35,44.75,42.64,44.38,7190260
2020-11-11,44.56,44.89,43.72,44.85,3977874
2020-11-12,44.44,44.88,43.88,44.27,3282854
2020-11-13,44.27,44.75,43.88,44.47,3404925
2020-11-16,45.06,45.86,44.43,44.56,4584874
2020-11-17,44.58,44.77,43.94,44.45,2549962
2020-11-18,44.39,44.42,43.65,44.27,2725938
2020-11-19,43.74,44.00,43.14,43.26,3537630
2020-11-20,43.18,44.68,43.16,44.66,4592054
2020-11-23,44.76,45.16,44.26,44.40,3079401
2020-11-24,44.50,45.77,44.50,45.40,3492135
2020-11-25,46.03,46.34,45.43,45.83,4262711
2020-11-26,46.13,46.18,45.69,45.89,1749584
2020-11-27,45.84,46.31,45.46,46.17,2979289
2020-11-30,46.07,46.12,45.01,45.01,5577556
2020-12-01,45.37,46.02,45.33,45.39,2841186
2020-12-02,45.39,45.39,44.17,44.60,3593602
2020-12-03,44.63,44.77,44.23,44.52,2305382
2020-12-04,44.61,45.08,44.50,44.56,3297169
2020-12-07,44.76,44.77,43.94,43.98,2993769
2020-12-08,43.83,44.02,43.34,44.01,3417669
2020-12-09,44.13,44.58,43.97,44.24,2787776
2020-12-10,44.30,44.47,43.82,44.22,2278877
2020-12-11,43.88,44.00,43.19,43.31,3359104
2020-12-14,43.55,44.09,43.45,43.98,2497671
2020-12-15,43.78,44.28,43.71,43.95,2352889
2020-12-16,44.08,46.21,43.97,45.97,4706107
2020-12-17,46.44,46.58,45.77,45.77,4225524
2020-12-18,45.79,46.76,45.61,45.74,8156089
2020-12-21,45.14,45.23,43.47,43.66,4789688
2020-12-22,43.97,45.20,43.90,44.99,2729823
2020-12-23,45.18,45.49,44.88,44.93,1719175
2020-12-28,45.79,46.03,45.25,45.30,1936549
2020-12-29,45.62,45.71,45.08,45.26,2217064
2020-12-30,45.41,45.47,44.91,44.91,1497735
2021-01-04,45.69,46.58,45.68,45.96,2919926
2021-01-05,45.88,46.80,45.75,46.14,3280433
2021-01-06,46.52,48.61,46.23,47.96,4992743
2021-01-07,49.49,49.69,48.55,48.79,6096518
2021-01-08,49.26,49.45,47.87,48.03,4615110
2021-01-11,47.95,47.96,47.40,47.55,3010116
2021-01-12,47.65,47.75,46.94,46.94,3536006
2021-01-13,46.91,49.13,46.91,49.05,4067829
2021-01-14,49.21,49.49,48.86,49.13,3318258
2021-01-15,48.88,49.57,48.37,48.72,4524359
2021-01-18,48.42,49.12,48.03,49.08,2167814
2021-01-19,49.61,50.10,49.34,49.43,3207911
2021-01-20,49.47,50.13,49.30,50.08,2857446
2021-01-21,50.36,51.10,49.27,49.27,3713528
2021-01-22,49.07,49.28,48.47,48.83,2981511
2021-01-25,49.27,49.33,47.31,48.02,3455580
2021-01-26,47.75,48.77,47.75,48.32,2610763
2021-01-27,48.18,48.31,46.35,46.71,4719756
2021-01-28,46.26,47.84,46.21,47.51,3877747
2021-01-29,46.72,47.48,46.26,46.55,4191653
2021-02-01,46.98,47.57,46.53,47.09,2646334
2021-02-02,47.47,48.31,47.32,47.80,3031769
2021-02-03,48.24,48.43,47.80,48.04,2397436
2021-02-04,50.59,50.88,49.83,50.60,7155200
2021-02-05,50.82,52.85,50.52,52.04,6065968
2021-02-08,53.00,53.00,51.59,51.59,3746394
2021-02-09,51.57,52.18,51.12,51.40,2550584
2021-02-10,51.52,51.59,49.89,50.45,3161110
2021-02-11,50.41,50.78,50.17,50.36,2231473
2021-02-12,50.12,50.31,49.65,50.31,2485306
2021-02-15,50.73,51.36,50.47,51.11,2269807
2021-02-16,51.32,51.55,50.67,50.87,2447054
2021-02-17,50.69,50.93,50.32,50.34,2514282
2021-02-18,50.24,50.58,49.53,49.53,2842984
2021-02-19,49.33,50.33,49.02,50.27,2910537
2021-02-22,50.05,50.35,49.50,50.14,1985273
2021-02-23,50.38,50.52,49.41,49.74,2672719
2021-02-24,49.75,51.74,49.61,51.39,3121057
2021-02-25,50.82,51.32,46.68,48.11,9199074
2021-02-26,47.38,48.72,46.64,46.74,7097729
2021-03-01,47.31,48.95,47.29,48.81,4364996
2021-03-02,48.53,49.45,48.37,48.55,2733630
2021-03-03,48.60,49.24,47.59,48.14,3103140
2021-03-04,47.68,48.53,47.67,48.34,2365335
2021-03-05,48.18,48.48,47.82,48.11,2610518
2021-03-08,48.49,49.69,48.23,49.56,3364364
2021-03-09,49.61,50.07,49.47,49.47,3337639
2021-03-10,49.66,51.56,49.55,50.79,4708329
2021-03-11,51.08,51.08,48.50,48.89,6728584
2021-03-12,48.96,49.66,48.78,49.38,3171262
2021-03-15,49.55,49.96,49.01,49.41,2842975
2021-03-16,49.69,49.83,49.29,49.34,2698813
2021-03-17,49.18,49.46,48.87,49.25,2305856
2021-03-18,49.25,50.31,49.18,50.14,3739491
2021-03-19,50.62,50.62,49.78,49.80,6236009
2021-03-22,49.91,50.20,49.52,49.69,2309745
2021-03-23,49.80,50.64,49.69,50.50,3337512
2021-03-24,50.26,50.29,49.69,50.03,2455475
2021-03-25,49.70,50.09,49.31,49.62,2482617
2021-03-26,49.52,50.31,49.51,49.62,2309482
2021-03-29,49.96,50.04,49.36,49.76,2289355
2021-03-30,49.90,50.18,49.49,50.12,2370698
2021-03-31,50.13,50.55,49.89,50.32,2977151
2021-04-01,50.33,50.44,49.63,49.64,3641900
2021-04-06,49.80,50.60,49.69,50.15,3632619
2021-04-07,50.15,50.45,49.90,49.90,2561319
2021-04-08,50.06,50.15,49.43,49.76,3148078
2021-04-09,49.66,50.08,49.55,49.74,2402907
2021-04-12,49.89,49.99,49.37,49.37,2426187
2021-04-13,49.38,49.60,49.02,49.38,3148647
2021-04-14,49.42,49.49,49.05,49.33,2522430
2021-04-15,49.33,49.57,49.04,49.31,3072583
2021-04-16,49.37,50.50,49.36,50.36,4958464
2021-04-19,50.45,51.77,50.32,51.25,4757318
2021-04-20,51.28,51.59,50.48,50.49,3928741
2021-04-21,50.72,52.26,50.59,52.08,4668969
2021-04-22,52.22,52.35,51.62,51.93,2774030
2021-04-23,51.86,51.90,50.25,50.85,3715344
2021-04-26,51.23,51.57,50.89,51.13,2199004
2021-04-27,51.20,51.27,50.53,50.62,3353678
2021-04-28,51.22,51.78,50.70,51.75,4166723
2021-04-29,51.82,52.00,51.23,51.46,2348607
2021-04-30,51.79,52.67,51.66,52.11,3838529
2021-05-03,52.29,52.40,51.35,51.87,2300564
2021-05-04,51.80,52.13,50.52,50.71,3703167
2021-05-05,51.01,51.89,51.00,51.79,2530906
2021-05-06,51.80,52.53,51.71,52.20,2618671
2021-05-07,52.28,52.44,51.80,52.41,2178910
2021-05-10,52.33,52.90,52.22,52.64,1898823
2021-05-11,52.45,52.61,51.22,51.73,3054070
2021-05-12,52.23,55.57,51.93,55.48,8277621
2021-05-13,54.95,55.28,54.05,55.27,3530206
2021-05-14,55.82,55.89,54.52,55.25,2938241
2021-05-17,54.35,55.21,53.50,54.96,3631003
2021-05-18,55.08,55.51,54.45,54.53,2531813
2021-05-19,54.22,54.63,53.03,53.90,3713649
2021-05-20,53.72,54.07,53.18,53.95,2962660
2021-05-21,54.01,54.27,53.79,54.21,2924304
2021-05-25,54.60,54.61,53.50,53.50,2439622
2021-05-26,53.51,53.85,53.15,53.22,1639710
2021-05-27,51.97,51.97,50.41,50.54,9042176
2021-05-28,50.63,50.94,50.49,50.58,3238094
2021-05-31,50.54,50.61,49.58,49.84,3085645
2021-06-01,50.04,50.59,49.66,49.83,2657054
2021-06-02,49.84,50.70,49.81,50.39,2766442
2021-06-03,50.27,50.98,49.83,50.68,2145585
2021-06-04,50.90,51.00,50.56,50.99,2126994
2021-06-07,50.94,51.39,50.86,51.27,2390685
2021-06-08,51.18,51.70,51.06,51.06,2470159
2021-06-09,51.09,51.45,50.46,51.32,2455740
2021-06-10,51.37,51.69,51.09,51.43,2046017
2021-06-11,51.57,52.06,51.25,51.77,1967469
2021-06-14,51.78,52.09,51.50,51.52,1776133
2021-06-15,51.81,52.13,51.46,51.91,1703725
2021-06-16,51.89,52.28,51.52,51.57,2277694
2021-06-17,51.17,52.10,51.07,51.77,2393429
2021-06-18,51.69,51.81,50.93,51.07,5761530
2021-06-21,50.83,51.01,49.78,50.53,3286683
2021-06-22,50.44,50.61,49.52,49.67,3400967
2021-06-23,49.58,49.71,48.11,48.94,4079198
2021-06-24,49.09,49.99,49.05,49.67,2420413
2021-06-25,49.63,50.19,49.56,50.14,1707670
2021-06-28,50.04,50.28,49.69,49.87,1423384
2021-06-29,49.86,50.39,49.74,49.99,1589632
2021-06-30,49.79,50.15,49.25,49.58,2393813
2021-07-01,49.86,50.97,49.83,50.28,2437205
2021-07-02,50.34,50.54,49.73,49.83,1603678
2021-07-05,49.86,49.93,49.34,49.79,1373519
2021-07-06,49.77,49.88,48.92,49.07,2193925
2021-07-07,49.08,49.40,48.93,49.35,1795912
2021-07-08,48.90,49.44,48.24,48.99,3747138
2021-07-09,49.38,49.72,49.10,49.21,2792924
2021-07-12,48.98,49.19,48.58,49.06,2211517
2021-07-13,48.89,49.11,48.61,49.04,1981995
2021-07-14,48.94,49.79,48.85,49.38,2214266
2021-07-15,49.27,49.27,48.51,48.92,2216987
2021-07-16,48.87,49.77,48.86,49.06,2397331
2021-07-19,49.03,49.06,47.46,47.82,3755161
2021-07-20,48.15,48.97,48.10,48.61,2647199
2021-07-21,49.14,49.83,48.89,49.44,2264485
2021-07-22,49.48,50.00,49.23,49.50,1555488
2021-07-23,49.48,49.79,49.32,49.57,1734624
2021-07-26,49.49,49.90,49.09,49.74,1494920
2021-07-27,49.56,49.61,48.41,48.85,2741719
2021-07-28,48.60,49.11,48.43,48.91,2267336
2021-07-29,48.92,50.06,48.74,49.53,3942167
2021-07-30,48.90,49.22,48.69,48.69,2977898
2021-08-02,48.89,49.21,48.66,48.90,1800973
2021-08-03,48.93,49.06,48.28,48.52,2388143
2021-08-04,48.68,48.77,47.93,48.24,2505219
2021-08-05,47.60,47.97,44.58,44.58,15176323
2021-08-06,45.26,46.28,44.85,45.52,6781173
2021-08-09,45.76,45.87,45.00,45.70,2876188
2021-08-10,45.48,46.06,45.20,45.79,3400191
2021-08-11,45.88,46.24,45.67,45.79,2720152
2021-08-12,45.69,46.55,45.67,46.44,2894116
2021-08-13,46.58,46.76,46.16,46.27,2526703
2021-08-16,46.20,46.47,45.90,46.24,2118188
2021-08-17,46.12,46.50,45.75,46.34,1841355
2021-08-18,46.40,46.52,46.01,46.39,1975820
2021-08-19,45.88,46.24,45.61,46.13,2457124
2021-08-20,46.02,46.02,45.36,45.90,2566851
2021-08-23,46.22,46.37,45.93,46.27,1569913
2021-08-24,46.36,46.68,46.23,46.52,1653859
2021-08-25,46.46,46.70,46.14,46.25,1603747
2021-08-26,46.01,46.10,45.46,45.83,1960640
2021-08-27,45.78,45.92,45.52,45.81,1068979
2021-08-30,45.88,45.90,45.57,45.64,1088525
2021-08-31,45.65,45.98,45.43,45.65,2858423
2021-09-01,45.89,46.63,45.73,45.77,2621340
2021-09-02,45.82,46.23,45.74,46.17,1379207
2021-09-03,46.30,46.57,45.60,45.97,1854833
2021-09-06,46.19,46.38,45.86,46.23,1192043
2021-09-07,46.25,46.29,45.79,45.88,1581965
2021-09-08,45.70,45.75,44.91,45.02,3274794
2021-09-09,44.84,44.88,43.24,44.09,4477229
2021-09-10,43.67,44.54,43.67,44.32,2733363
2021-09-13,44.49,45.02,44.40,44.46,1864109
2021-09-14,44.46,44.67,44.30,44.44,1769140
2021-09-15,44.30,44.51,43.97,43.97,2382083
2021-09-16,44.10,44.73,44.01,44.19,1949028
2021-09-17,44.38,44.54,43.62,43.77,5719644
2021-09-20,43.47,43.95,43.06,43.83,3889600
2021-09-21,43.91,44.49,43.64,44.36,2365800
2021-09-22,44.45,45.33,44.33,45.08,2429591
2021-09-23,45.34,45.34,44.93,45.03,1810831
2021-09-24,45.08,45.23,44.77,45.02,1600822
2021-09-27,45.37,46.13,45.25,45.79,2450027
2021-09-28,45.81,46.33,45.41,45.42,2788071
2021-09-29,45.60,46.00,45.00,45.91,2396947
2021-09-30,46.13,46.16,45.35,45.51,2635111
2021-10-01,45.20,45.43,44.76,45.06,2198348
2021-10-04,44.78,45.55,44.78,45.13,1721690
2021-10-05,45.13,45.26,44.57,44.70,2251305
2021-10-06,45.67,45.92,44.30,44.86,3975407
2021-10-07,45.14,45.98,45.02,45.85,3067970
2021-10-08,45.85,46.44,45.76,46.23,1948067
2021-10-11,46.47,47.54,46.19,47.07,3141349
2021-10-12,46.57,46.65,46.06,46.20,2603595
2021-10-13,46.13,46.13,45.23,45.59,2863167
2021-10-14,45.75,46.45,45.21,46.26,2595365
2021-10-15,46.27,46.59,46.06,46.36,2973506
2021-10-18,46.39,46.47,45.04,45.13,2900402
2021-10-19,45.07,45.82,44.23,45.78,3984741
2021-10-20,45.87,46.87,45.76,46.64,2975899
2021-10-21,46.44,46.81,46.22,46.66,1970574
2021-10-22,46.65,46.98,46.52,46.78,1491925
2021-10-25,46.90,47.43,46.63,46.91,2017128
2021-10-26,47.08,47.48,46.84,47.24,1993027
2021-10-27,47.25,47.40,46.88,47.05,1798749
2021-10-28,46.94,47.25,46.64,47.19,1673032
2021-10-29,46.87,47.69,46.72,47.12,3379273
2021-11-01,47.44,48.06,47.40,47.91,2146690
2021-11-02,47.95,48.47,47.94,48.40,2871038
2021-11-03,48.41,48.75,48.06,48.65,2334202
2021-11-04,48.82,49.20,48.29,48.36,1972173
2021-11-05,48.36,48.58,47.93,48.14,2279876
2021-11-08,48.25,48.69,48.16,48.42,1919857
2021-11-09,49.48,50.19,49.14,49.14,3703576
2021-11-10,49.39,50.03,48.76,49.62,3201356
2021-11-11,49.62,49.79,49.11,49.24,1991999
2021-11-12,49.38,49.82,49.14,49.18,2247535
2021-11-15,49.18,49.41,48.71,48.77,1711118
2021-11-16,48.66,48.97,48.53,48.53,1974335
2021-11-17,48.50,48.56,47.99,48.31,2509295
2021-11-18,48.17,48.25,47.70,47.73,2286031
2021-11-19,47.85,48.00,46.49,46.60,4544149
2021-11-22,46.88,47.03,46.31,46.67,2693431
2021-11-23,46.42,47.38,46.40,47.14,2711486
2021-11-24,47.07,47.19,45.81,45.96,3460615
2021-11-25,46.04,46.15,45.79,45.92,2009929
2021-11-26,45.37,45.37,44.00,44.09,5036499
2021-11-29,44.47,44.55,43.68,43.88,3396678
2021-11-30,43.57,43.69,42.82,43.10,5823669
2021-12-01,43.16,44.08,43.08,43.93,3425864
2021-12-02,43.57,43.81,43.38,43.51,3055218
2021-12-03,43.63,43.76,42.61,42.85,4169355
2021-12-06,43.17,43.35,42.51,43.17,4171772
2021-12-07,43.17,43.17,43.17,43.17,0
2021-12-08,44.43,44.83,44.15,44.29,2628899
2021-12-09,44.39,44.68,44.05,44.33,2204413
2021-12-10,45.19,45.66,44.83,45.13,3617352
2021-12-13,45.33,46.55,44.71,45.09,5521261
2021-12-14,45.31,45.67,44.79,44.93,2688710
2021-12-15,44.97,45.13,44.08,44.48,3056948
2021-12-16,44.92,45.60,44.83,45.22,3403857
2021-12-17,45.08,45.43,44.89,45.05,5025504
2021-12-20,44.23,44.23,43.18,43.91,3334442
2021-12-21,44.05,44.59,43.75,44.15,3143313
2021-12-22,44.01,44.32,43.86,44.28,1448260
2021-12-23,44.49,45.23,44.46,45.14,2281520
2021-12-27,45.02,45.71,45.00,45.59,1480275
2021-12-28,45.64,45.87,45.45,45.65,1412889
2021-12-29,45.60,45.74,45.38,45.46,1341451
2021-12-30,45.19,45.69,45.12,45.51,1558821
2022-01-03,45.88,46.35,45.70,46.16,2078776
2022-01-04,46.18,47.00,46.10,46.98,3116162
2022-01-05,47.02,47.26,46.84,47.23,2394804
2022-01-06,46.76,47.23,46.47,46.79,2427637
2022-01-07,46.72,47.26,46.15,47.24,2903500
2022-01-10,47.41,48.56,47.30,48.45,4347722
2022-01-11,48.68,49.68,48.59,49.67,4861439
2022-01-12,50.16,50.24,49.46,49.51,3878207
2022-01-13,49.32,49.62,48.80,49.44,2340415
2022-01-14,49.14,50.97,49.10,50.92,5418832
2022-01-17,51.24,51.35,50.55,51.14,2340139
2022-01-18,50.91,51.34,50.09,50.40,3543513
2022-01-19,49.90,50.68,49.48,50.46,2849403
2022-01-20,50.39,51.10,50.28,51.02,2510174
2022-01-21,50.55,50.84,49.48,49.98,3368244
2022-01-24,49.66,50.39,48.41,48.41,4413530
2022-01-25,48.75,49.37,48.30,49.20,3264976
2022-01-26,49.60,50.22,49.52,49.91,2686001
2022-01-27,49.51,51.13,49.47,50.91,3124651
2022-01-28,50.83,51.15,50.25,51.15,3338588
2022-01-31,52.52,52.55,51.55,52.13,6044092
2022-02-01,52.17,52.58,51.68,52.44,3134533
2022-02-02,52.28,52.85,51.91,52.02,2621827
2022-02-03,52.09,52.20,51.28,51.28,3325324
2022-02-04,51.55,51.70,50.84,50.95,3241573
2022-02-07,51.19,51.58,50.75,51.40,2362057
2022-02-08,51.63,51.81,50.94,51.11,2702511
2022-02-09,51.15,51.68,50.98,51.61,2169834
2022-02-10,51.86,53.27,51.80,52.85,4524544
2022-02-11,52.55,52.90,52.04,52.40,2888939
2022-02-14,51.17,51.67,50.20,51.09,5032372
2022-02-15,50.94,52.23,50.93,52.19,2893748
2022-02-16,52.26,52.55,52.04,52.35,2248957
2022-02-17,52.31,52.67,51.72,52.36,3180088
2022-02-18,53.07,53.97,52.16,52.28,4900077
2022-02-21,52.77,53.05,51.24,51.34,3395424
2022-02-22,49.86,51.01,49.27,50.74,4602460
2022-02-23,51.07,52.13,51.02,51.27,3610970
2022-02-24,49.25,49.86,48.50,48.99,8314531
2022-02-25,49.32,51.30,49.18,51.20,5534135
2022-02-28,49.67,50.17,49.16,49.87,4908626
2022-03-01,50.70,52.18,49.72,50.27,7328894
2022-03-02,50.78,52.53,50.78,52.28,5317521
2022-03-03,52.17,53.01,51.74,51.90,4856065
2022-03-04,51.59,51.68,49.32,49.54,6233840
2022-03-07,48.10,49.91,47.12,49.07,6619671
2022-03-08,48.62,50.02,48.53,48.90,5799171
2022-03-09,51.22,52.06,50.83,52.06,7073552
2022-03-10,52.10,52.83,51.31,52.06,4539400
2022-03-11,52.06,54.33,51.87,53.61,5885146
2022-03-14,54.44,54.94,53.77,54.00,3866862
2022-03-15,53.46,54.39,52.87,54.16,3373508
2022-03-16,55.28,55.44,54.64,55.17,4920600
2022-03-17,55.19,56.01,54.81,56.01,4011495
2022-03-18,55.73,56.17,55.28,56.17,5606710
2022-03-21,56.06,57.28,55.91,56.79,3492017
2022-03-22,57.04,57.47,56.85,57.29,3771365
2022-03-23,57.14,57.83,57.10,57.54,2786176
2022-03-24,57.32,58.03,57.30,57.64,2862356
2022-03-25,58.02,59.01,57.44,58.69,3660553
2022-03-28,59.65,60.72,58.85,58.97,4370557
2022-03-29,59.33,60.00,58.79,60.00,3725778
2022-03-30,59.51,59.90,59.25,59.90,3262342
2022-03-31,59.83,60.64,59.78,60.13,3453128
2022-04-01,59.98,61.16,59.97,61.02,3447292
2022-04-04,62.93,63.17,62.31,63.00,5361734
2022-04-05,62.93,63.42,62.54,62.99,3466499
2022-04-06,62.88,63.54,62.65,63.22,4121766
2022-04-07,63.57,64.26,63.06,63.42,4389764
2022-04-08,64.30,64.71,63.77,64.71,3522431
2022-04-11,64.31,65.58,64.29,65.58,3679535
2022-04-12,64.69,65.63,64.27,65.28,4903625
2022-04-13,65.44,65.83,64.28,65.37,3245883
2022-04-14,65.55,65.67,64.98,65.16,3830187
2022-04-19,64.09,65.12,63.93,64.31,3320928
2022-04-20,63.90,64.15,61.71,63.00,5384855
2022-04-21,63.00,63.00,63.00,63.00,0
2022-04-22,63.66,64.48,63.59,64.08,3305780
2022-04-25,63.03,63.43,62.29,62.38,3430959
2022-04-26,63.44,63.61,61.73,61.97,4331458
2022-04-27,61.97,61.97,61.97,61.97,0
2022-04-28,60.80,61.16,59.19,60.02,4597094
2022-04-29,60.42,61.05,60.23,60.90,4788148
2022-05-02,60.60,61.30,59.96,60.18,3200564
2022-05-03,60.30,61.17,60.30,61.14,3537487
2022-05-04,60.87,62.00,60.66,61.10,2922935
2022-05-05,61.85,61.89,60.33,60.54,2225486
2022-05-06,60.54,60.54,60.54,60.54,0
2022-05-09,59.82,60.47,58.69,58.72,3771768
2022-05-10,59.89,62.51,57.89,61.89,6545699
2022-05-11,57.37,59.13,55.28,58.04,9686962
2022-05-12,57.31,60.67,57.07,60.40,5388302
2022-05-13,60.40,60.40,60.40,60.40,0
2022-05-16,61.50,63.21,60.78,63.21,3566730
2022-05-17,64.10,64.12,63.17,64.12,3130456
2022-05-18,64.15,64.48,63.71,63.80,2419105
2022-05-19,63.23,63.74,63.01,63.40,2747497
2022-05-20,63.73,64.55,63.69,63.74,2625237
2022-05-23,64.40,64.54,63.76,64.47,2202703
2022-05-24,63.89,64.31,63.29,63.29,2582622
2022-05-25,63.29,63.29,63.29,63.29,0
2022-05-26,64.48,65.98,64.37,65.90,3149253
2022-05-27,65.90,65.90,65.90,65.90,0
2022-05-31,66.32,67.08,66.21,66.58,3810150
2022-06-01,66.64,67.49,66.60,66.74,3014488
2022-06-02,66.74,66.74,66.74,66.74,0
2022-06-03,65.86,66.12,65.37,66.12,1503071
2022-06-06,66.31,67.24,65.83,66.68,1810759
2022-06-07,66.32,66.76,64.91,65.92,2620109
2022-06-08,66.58,66.73,65.71,65.87,2415634
2022-06-09,65.71,66.21,65.30,65.39,2223991
2022-06-10,66.04,66.16,63.27,63.56,3461306
2022-06-13,62.75,63.96,62.75,63.47,3889793
2022-06-14,63.84,64.61,63.01,63.61,3514211
2022-06-15,63.80,64.53,62.72,63.54,2960355
2022-06-16,63.43,63.57,61.54,61.75,3008124
2022-06-17,61.75,62.97,60.77,62.55,7095172
2022-06-20,62.89,63.60,62.28,63.36,2470178
2022-06-21,63.70,64.37,60.36,62.06,6229104
2022-06-22,61.15,61.46,59.04,60.74,4196714
2022-06-23,60.83,60.90,58.54,58.54,3993698
2022-06-24,58.65,58.89,56.72,57.79,5321307
2022-06-27,57.10,59.67,57.10,59.40,4001268
2022-06-28,59.68,60.44,59.39,60.23,2795521
2022-06-29,59.41,59.84,57.35,57.62,3447646
2022-06-30,57.30,57.83,56.32,56.72,3198388
2022-07-01,56.36,57.42,55.75,57.35,2173516
2022-07-04,57.94,58.08,56.95,57.24,1710426
2022-07-05,57.34,57.42,55.23,55.52,3472768
2022-07-06,55.98,57.03,55.88,56.19,2354615
2022-07-07,56.74,57.04,56.11,56.59,2077345
2022-07-08,56.34,58.08,56.18,57.83,2550293
2022-07-11,57.10,57.25,56.08,56.15,2109888
2022-07-12,56.15,56.15,56.15,56.15,0
2022-07-13,55.94,56.33,54.75,56.15,2304607
2022-07-14,56.05,56.21,54.23,54.42,2446842
2022-07-15,54.40,55.73,54.35,55.63,2561043
2022-07-18,55.90,56.11,55.14,55.43,1774354
2022-07-19,55.09,59.00,55.02,58.07,3225844
2022-07-20,58.50,59.36,58.34,58.84,2622082
2022-07-21,58.61,59.10,57.13,57.40,3192496
2022-07-22,57.21,57.42,56.62,56.79,1615281
2022-07-25,56.62,57.99,56.62,57.69,1418004
2022-07-26,58.03,58.43,57.13,57.69,1383446
2022-07-27,57.84,58.05,56.87,57.02,1962430
2022-07-28,57.29,57.39,56.46,57.00,2410070
2022-07-29,57.25,57.33,56.87,57.00,2585670
2022-08-01,56.97,57.50,56.61,56.72,1741557
2022-08-02,56.53,58.14,56.47,58.00,2388667
2022-08-03,58.01,58.76,57.47,58.76,2004701
2022-08-04,59.05,59.41,56.52,57.28,3383752
2022-08-05,56.90,57.04,53.26,53.28,6106060
2022-08-08,53.51,53.60,51.74,52.95,5017442
2022-08-09,52.95,53.05,51.82,52.16,3255300
2022-08-10,52.29,52.68,51.75,51.90,2240622
2022-08-11,52.20,52.40,51.36,51.68,2319226
2022-08-12,51.81,54.29,51.81,54.15,4532250
2022-08-15,54.03,54.64,53.35,53.56,2133153
2022-08-16,53.76,55.00,53.72,54.30,2410144
2022-08-17,54.42,54.46,53.26,53.37,1827257
2022-08-18,53.44,54.06,53.21,54.06,1734162
2022-08-19,53.69,54.47,53.14,54.40,2960907
2022-08-22,54.39,54.48,53.17,53.41,2183149
2022-08-23,53.13,54.13,53.12,53.49,2310282
2022-08-24,53.49,53.80,52.49,53.47,1691847
2022-08-25,53.73,54.65,53.70,54.55,2142222
2022-08-26,54.64,55.12,53.70,53.70,2385448
2022-08-29,52.58,52.78,50.31,51.07,4422188
2022-08-30,51.40,53.22,51.38,51.86,3280969
2022-08-31,51.99,52.60,51.59,52.60,4171490
2022-09-01,51.79,51.91,50.72,51.18,2478227
2022-09-02,51.75,52.66,51.25,52.63,2664322
2022-09-05,51.18,52.05,51.01,51.81,1587137
2022-09-06,52.01,52.19,51.16,51.51,1930233
2022-09-07,51.09,51.46,50.66,51.06,2429549
2022-09-08,51.40,52.00,50.22,51.91,3547177
2022-09-09,52.31,53.28,52.25,52.87,2320655
2022-09-12,53.00,54.29,52.70,54.09,1970486
2022-09-13,54.09,55.94,53.78,53.86,0
2022-09-14,53.55,54.59,53.50,53.73,2076536
2022-09-15,53.69,54.21,53.01,53.12,2221686
2022-09-16,52.94,53.19,52.05,52.29,4445433
2022-09-19,51.99,52.80,51.56,52.42,1301283
2022-09-20,52.70,53.04,51.92,52.08,1691902
2022-09-21,51.65,52.37,51.59,52.15,1500256
2022-09-22,51.50,52.34,51.45,51.50,2016895
2022-09-23,51.76,51.76,49.43,49.58,2994304
2022-09-26,49.80,49.83,48.31,48.37,3191043
2022-09-27,48.90,49.38,48.16,48.26,2427323
2022-09-28,47.57,48.19,47.01,48.19,2961208
2022-09-29,48.01,48.21,47.19,47.72,2650625
2022-09-30,48.09,48.57,47.03,47.42,3141744
2022-10-03,47.07,48.09,46.70,47.96,1670533
2022-10-04,48.76,48.90,48.24,48.65,3181766
2022-10-05,49.03,49.33,48.60,48.65,2265672
2022-10-06,48.78,48.85,47.67,47.71,1771630
2022-10-07,47.51,48.20,47.31,47.42,2345429
2022-10-10,47.10,47.82,47.04,47.53,2130813
2022-10-11,47.38,48.42,47.26,48.42,1846434
2022-10-12,48.58,49.65,48.47,49.19,2945408
2022-10-13,49.04,49.88,48.54,49.79,2456442
2022-10-14,49.79,49.90,48.82,49.00,2431375
2022-10-17,48.81,50.34,48.62,50.22,1569333
2022-10-18,50.50,50.68,49.65,49.74,1826716
2022-10-19,49.94,50.11,49.40,49.75,1593739
2022-10-20,49.55,50.07,49.01,49.80,1649427
2022-10-21,49.53,50.36,49.13,50.00,2516317
2022-10-24,50.19,51.34,50.07,51.00,1678037
2022-10-25,51.85,51.88,50.54,50.87,1733522
2022-10-26,50.91,52.04,50.87,51.78,1766250
2022-10-27,51.63,52.27,51.61,52.08,1653514
2022-10-28,51.75,53.12,51.75,52.70,1793762
2022-10-31,52.86,53.44,52.70,53.22,1294848
2022-11-01,53.85,54.09,53.47,53.86,1462477
2022-11-02,54.01,54.12,53.16,53.41,1476862
